edge_id,func_id,func_name,firing_rate,mean_count,std_count,min_count,max_count,unique_values,entropy_bits,is_variable
20:58:60,20,stays_balanced,0.0273,0.0273,0.1631,0,1,"[0, 1]",0.1808,True
20:152:154,20,stays_balanced,0.0,0.0,0.0,0,0,[0],-0.0,False
20:152:178,20,stays_balanced,0.0273,0.0273,0.1631,0,1,"[0, 1]",0.1808,True
20:176:224,20,stays_balanced,0.0,0.0,0.0,0,0,[0],-0.0,False
20:179:201,20,stays_balanced,0.0273,0.0273,0.1631,0,1,"[0, 1]",0.1808,True
21:101:113,21,execute,1.0,1.0,0.0,1,1,[1],-0.0,False
21:101:559,21,execute,0.0,0.0,0.0,0,0,[0],-0.0,False
21:101:660,21,execute,0.0,0.0,0.0,0,0,[0],-0.0,False
21:101:840,21,execute,0.0,0.0,0.0,0,0,[0],-0.0,False
21:101:1019,21,execute,0.0,0.0,0.0,0,0,[0],-0.0,False
21:155:201,21,execute,1.0,1.0,0.0,1,1,[1],-0.0,False
21:251:297,21,execute,1.0,1.0,0.0,1,1,[1],-0.0,False
21:348:350,21,execute,1.0,1.0,0.0,1,1,[1],-0.0,False
21:377:443,21,execute,1.0,1.0,0.0,1,1,[1],-0.0,False
21:456:1234,21,execute,1.0,1.0,0.0,1,1,[1],-0.0,False
21:598:604,21,execute,0.0,0.0,0.0,0,0,[0],-0.0,False
21:598:618,21,execute,0.0,0.0,0.0,0,0,[0],-0.0,False
21:598:632,21,execute,0.0,0.0,0.0,0,0,[0],-0.0,False
21:616:1234,21,execute,0.0,0.0,0.0,0,0,[0],-0.0,False
21:630:1234,21,execute,0.0,0.0,0.0,0,0,[0],-0.0,False
21:644:1234,21,execute,0.0,0.0,0.0,0,0,[0],-0.0,False
21:699:812,21,execute,0.0,0.0,0.0,0,0,[0],-0.0,False
21:824:1234,21,execute,0.0,0.0,0.0,0,0,[0],-0.0,False
21:879:885,21,execute,0.0,0.0,0.0,0,0,[0],-0.0,False
21:897:1234,21,execute,0.0,0.0,0.0,0,0,[0],-0.0,False
21:1058:1092,21,execute,0.0,0.0,0.0,0,0,[0],-0.0,False
21:1104:1234,21,execute,0.0,0.0,0.0,0,0,[0],-0.0,False
22:209:253,22,tick,1.0,1.0,0.0,1,1,[1],-0.0,False
22:230:312,22,tick,0.0,0.0,0.0,0,0,[0],-0.0,False
22:332:496,22,tick,0.0,0.0,0.0,0,0,[0],-0.0,False
22:336:418,22,tick,1.0,1.0,0.0,1,1,[1],-0.0,False
22:438:602,22,tick,1.0,1.0,0.0,1,1,[1],-0.0,False
22:632:634,22,tick,0.0,0.0,0.0,0,0,[0],-0.0,False
22:663:665,22,tick,0.0,0.0,0.0,0,0,[0],-0.0,False
22:738:740,22,tick,1.0,1.0,0.0,1,1,[1],-0.0,False
22:769:771,22,tick,1.0,1.0,0.0,1,1,[1],-0.0,False
22:986:988,22,tick,0.0,0.0,0.0,0,0,[0],-0.0,False
22:986:1037,22,tick,0.0,0.0,0.0,0,0,[0],-0.0,False
22:1035:1037,22,tick,0.0,0.0,0.0,0,0,[0],-0.0,False
22:1035:1057,22,tick,0.0,0.0,0.0,0,0,[0],-0.0,False
22:1091:1093,22,tick,0.0,0.0,0.0,0,0,[0],-0.0,False
22:1091:1522,22,tick,0.0,0.0,0.0,0,0,[0],-0.0,False
22:1092:1094,22,tick,0.9953,0.9953,0.0682,0,1,"[0, 1]",0.0429,True
22:1092:1143,22,tick,0.0047,0.0047,0.0682,0,1,"[0, 1]",0.0429,True
22:1141:1143,22,tick,0.002,0.002,0.0447,0,1,"[0, 1]",0.0208,True
22:1141:1167,22,tick,0.9933,0.9933,0.0814,0,1,"[0, 1]",0.0578,True
22:1144:1146,22,tick,0.0,0.0,0.0,0,0,[0],-0.0,False
22:1144:1166,22,tick,0.0,0.0,0.0,0,0,[0],-0.0,False
22:1164:1519,22,tick,0.0,0.0,0.0,0,0,[0],-0.0,False
22:1209:1211,22,tick,0.0793,0.0793,0.2703,0,1,"[0, 1]",0.3998,True
22:1209:1636,22,tick,0.9207,0.9207,0.2703,0,1,"[0, 1]",0.3998,True
22:1228:1230,22,tick,0.0,0.0,0.0,0,0,[0],-0.0,False
22:1250:1518,22,tick,0.0,0.0,0.0,0,0,[0],-0.0,False
22:1287:1289,22,tick,0.035,0.035,0.1838,0,1,"[0, 1]",0.2189,True
22:1287:1311,22,tick,0.0443,0.0443,0.2058,0,1,"[0, 1]",0.2618,True
22:1309:1633,22,tick,0.035,0.035,0.1838,0,1,"[0, 1]",0.2189,True
22:1375:1377,22,tick,0.0443,0.0443,0.2058,0,1,"[0, 1]",0.2618,True
22:1375:1399,22,tick,0.0,0.0,0.0,0,0,[0],-0.0,False
22:1397:1632,22,tick,0.0443,0.0443,0.2058,0,1,"[0, 1]",0.2618,True
22:1520:3268,22,tick,0.0,0.0,0.0,0,0,[0],-0.0,False
22:1562:1564,22,tick,0.0,0.0,0.0,0,0,[0],-0.0,False
22:1562:1679,22,tick,0.0,0.0,0.0,0,0,[0],-0.0,False
22:1600:1602,22,tick,0.0,0.0,0.0,0,0,[0],-0.0,False
22:1634:2765,22,tick,0.0793,0.0793,0.2703,0,1,"[0, 1]",0.3998,True
22:1676:1678,22,tick,0.1623,0.1623,0.3688,0,1,"[0, 1]",0.6399,True
22:1676:1806,22,tick,0.7583,0.7583,0.4281,0,1,"[0, 1]",0.7978,True
22:1714:1716,22,tick,0.1623,0.1623,0.3688,0,1,"[0, 1]",0.6399,True
22:1762:1764,22,tick,0.0,0.0,0.0,0,0,[0],-0.0,False
22:1762:1803,22,tick,0.0,0.0,0.0,0,0,[0],-0.0,False
22:1801:3267,22,tick,0.0,0.0,0.0,0,0,[0],-0.0,False
22:1889:1891,22,tick,0.1623,0.1623,0.3688,0,1,"[0, 1]",0.6399,True
22:1889:1930,22,tick,0.7583,0.7583,0.4281,0,1,"[0, 1]",0.7978,True
22:1928:2764,22,tick,0.1623,0.1623,0.3688,0,1,"[0, 1]",0.6399,True
22:1953:1955,22,tick,0.0,0.0,0.0,0,0,[0],-0.0,False
22:1953:2035,22,tick,0.0,0.0,0.0,0,0,[0],-0.0,False
22:2033:3266,22,tick,0.0,0.0,0.0,0,0,[0],-0.0,False
22:2093:2095,22,tick,0.0273,0.0273,0.1631,0,1,"[0, 1]",0.1808,True
22:2093:2175,22,tick,0.731,0.731,0.4434,0,1,"[0, 1]",0.84,True
22:2173:2175,22,tick,0.0,0.0,0.0,0,0,[0],-0.0,False
22:2173:2446,22,tick,0.0,0.0,0.0,0,0,[0],-0.0,False
22:2173:2763,22,tick,0.0273,0.0273,0.1631,0,1,"[0, 1]",0.1808,True
22:2283:2285,22,tick,0.4493,0.4493,0.4974,0,1,"[0, 1]",0.9926,True
22:2283:2738,22,tick,0.2817,0.2817,0.4498,0,1,"[0, 1]",0.8577,True
22:2368:2370,22,tick,0.0617,0.0617,0.2405,0,1,"[0, 1]",0.334,True
22:2368:2738,22,tick,0.3877,0.3877,0.4872,0,1,"[0, 1]",0.9633,True
22:2488:2490,22,tick,0.0003,0.0003,0.0183,0,1,"[0, 1]",0.0043,True
22:2488:2735,22,tick,0.0613,0.0613,0.2399,0,1,"[0, 1]",0.3327,True
22:2532:2534,22,tick,0.0,0.0,0.0,0,0,[0],-0.0,False
22:2532:3265,22,tick,0.0,0.0,0.0,0,0,[0],-0.0,False
22:2617:2619,22,tick,0.0,0.0,0.0,0,0,[0],-0.0,False
22:2617:3265,22,tick,0.0,0.0,0.0,0,0,[0],-0.0,False
22:2681:2683,22,tick,0.0,0.0,0.0,0,0,[0],-0.0,False
22:2681:2734,22,tick,0.0003,0.0003,0.0183,0,1,"[0, 1]",0.0043,True
22:2736:2738,22,tick,0.0,0.0,0.0,0,0,[0],-0.0,False
22:2736:2762,22,tick,0.0617,0.0617,0.2405,0,1,"[0, 1]",0.334,True
22:2736:3264,22,tick,0.0,0.0,0.0,0,0,[0],-0.0,False
22:3097:3099,22,tick,0.0,0.0,0.0,0,0,[0],-0.0,False
22:3097:3151,22,tick,1.0,1.0,0.0,1,1,[1],-0.0,False
22:3177:3263,22,tick,0.0,0.0,0.0,0,0,[0],-0.0,False
22:3220:3222,22,tick,0.0,0.0,0.0,0,0,[0],-0.0,False
22:3220:3297,22,tick,1.0,1.0,0.0,1,1,[1],-0.0,False
22:3364:3366,22,tick,0.0,0.0,0.0,0,0,[0],-0.0,False
22:3379:3397,22,tick,0.0,0.0,0.0,0,0,[0],-0.0,False
22:3393:3395,22,tick,1.0,1.0,0.0,1,1,[1],-0.0,False
22:3408:3426,22,tick,1.0,1.0,0.0,1,1,[1],-0.0,False
22:3643:3741,22,tick,0.0,0.0,0.0,0,0,[0],-0.0,False
22:3672:3770,22,tick,1.0,1.0,0.0,1,1,[1],-0.0,False
26:156:247,26,ethercat_read,1.0,1.0,0.0,1,1,[1],-0.0,False
26:372:490,26,ethercat_read,1.0,1.0,0.0,1,1,[1],-0.0,False
26:636:755,26,ethercat_read,1.0,1.0,0.0,1,1,[1],-0.0,False
26:1022:1153,26,ethercat_read,1.0,1.0,0.0,1,1,[1],-0.0,False
26:1381:1383,26,ethercat_read,1.0,1.0,0.0,1,1,[1],-0.0,False
27:101:169,27,waxi_end_access,1.0,2.0,0.0,2,2,[2],-0.0,False
29:312:420,29,ethercat_write,1.0,1.0,0.0,1,1,[1],-0.0,False
29:520:639,29,ethercat_write,1.0,1.0,0.0,1,1,[1],-0.0,False
29:1321:1462,29,ethercat_write,1.0,1.0,0.0,1,1,[1],-0.0,False
29:1592:1733,29,ethercat_write,1.0,1.0,0.0,1,1,[1],-0.0,False
30:190:194,30,log_data,0.0,0.0,0.0,0,0,[0],-0.0,False
30:208:212,30,log_data,1.0,1.0,0.0,1,1,[1],-0.0,False
30:268:347,30,log_data,0.0,0.0,0.0,0,0,[0],-0.0,False
30:288:367,30,log_data,1.0,1.0,0.0,1,1,[1],-0.0,False
30:474:581,30,log_data,0.0,0.0,0.0,0,0,[0],-0.0,False
30:498:605,30,log_data,1.0,1.0,0.0,1,1,[1],-0.0,False
30:746:853,30,log_data,0.0,0.0,0.0,0,0,[0],-0.0,False
30:776:883,30,log_data,1.0,1.0,0.0,1,1,[1],-0.0,False
30:1032:1034,30,log_data,0.0,0.0,0.0,0,0,[0],-0.0,False
30:1069:1189,30,log_data,1.0,1.0,0.0,1,1,[1],-0.0,False
30:1145:2407,30,log_data,0.0,0.0,0.0,0,0,[0],-0.0,False
30:1423:1552,30,log_data,1.0,1.0,0.0,1,1,[1],-0.0,False
30:1786:1915,30,log_data,1.0,1.0,0.0,1,1,[1],-0.0,False
30:2149:2278,30,log_data,1.0,1.0,0.0,1,1,[1],-0.0,False
30:2512:2641,30,log_data,1.0,1.0,0.0,1,1,[1],-0.0,False
30:2875:3005,30,log_data,1.0,1.0,0.0,1,1,[1],-0.0,False
30:3091:3200,30,log_data,1.0,1.0,0.0,1,1,[1],-0.0,False
31:101:169,31,waxi_end_access,1.0,1.0,0.0,1,1,[1],-0.0,False
32:15:51,32,set_end_of_process_flag,0.0,0.0,0.0,0,0,[0],-0.0,False
32:58:60,32,set_end_of_process_flag,0.0,0.0,0.0,0,0,[0],-0.0,False
32:69:71,32,set_end_of_process_flag,0.0,0.0,0.0,0,0,[0],-0.0,False
32:69:131,32,set_end_of_process_flag,0.0,0.0,0.0,0,0,[0],-0.0,False
32:118:259,32,set_end_of_process_flag,0.0,0.0,0.0,0,0,[0],-0.0,False
32:143:221,32,set_end_of_process_flag,0.0,0.0,0.0,0,0,[0],-0.0,False
32:333:438,32,set_end_of_process_flag,0.0,0.0,0.0,0,0,[0],-0.0,False
32:505:592,32,set_end_of_process_flag,0.0,0.0,0.0,0,0,[0],-0.0,False
33:8:10,33,pou_main,0.0,0.0,0.0,0,0,[0],-0.0,False
33:15:51,33,pou_main,1.0,1.0,0.0,1,1,[1],-0.0,False
33:19:21,33,pou_main,0.0,0.0,0.0,0,0,[0],-0.0,False
33:19:46,33,pou_main,0.0,0.0,0.0,0,0,[0],-0.0,False
33:24:26,33,pou_main,0.0,0.0,0.0,0,0,[0],-0.0,False
33:24:46,33,pou_main,0.0,0.0,0.0,0,0,[0],-0.0,False
33:52:54,33,pou_main,0.0,0.0,0.0,0,0,[0],-0.0,False
33:52:102,33,pou_main,0.0,0.0,0.0,0,0,[0],-0.0,False
33:57:59,33,pou_main,0.0,0.0,0.0,0,0,[0],-0.0,False
33:57:102,33,pou_main,0.0,0.0,0.0,0,0,[0],-0.0,False
33:58:60,33,pou_main,1.0,1.0,0.0,1,1,[1],-0.0,False
33:69:71,33,pou_main,0.8377,0.8377,0.3688,0,1,"[0, 1]",0.6399,True
33:69:131,33,pou_main,0.1623,0.1623,0.3688,0,1,"[0, 1]",0.6399,True
33:71:73,33,pou_main,0.0,0.0,0.0,0,0,[0],-0.0,False
33:71:88,33,pou_main,0.0,0.0,0.0,0,0,[0],-0.0,False
33:112:114,33,pou_main,0.0,0.0,0.0,0,0,[0],-0.0,False
33:112:129,33,pou_main,0.0,0.0,0.0,0,0,[0],-0.0,False
33:116:118,33,pou_main,0.0,0.0,0.0,0,0,[0],-0.0,False
33:118:259,33,pou_main,0.8377,0.8377,0.3688,0,1,"[0, 1]",0.6399,True
34:8:10,34,turn_on_with_delay,1.0,3.0,0.0,3,3,[3],-0.0,False
34:19:21,34,turn_on_with_delay,0.994,1.7557,0.6588,0,3,"[0, 1, 2, 3]",1.4277,True
34:19:46,34,turn_on_with_delay,0.8813,1.2443,0.6588,0,3,"[0, 1, 2, 3]",1.4277,True
34:20:22,34,turn_on_with_delay,0.0,0.0,0.0,0,0,[0],-0.0,False
34:20:46,34,turn_on_with_delay,0.0,0.0,0.0,0,0,[0],-0.0,False
34:24:26,34,turn_on_with_delay,0.3493,0.3493,0.4768,0,1,"[0, 1]",0.9335,True
34:24:46,34,turn_on_with_delay,0.9853,1.4063,0.5202,0,2,"[0, 1, 2]",1.0806,True
34:51:53,34,turn_on_with_delay,0.0,0.0,0.0,0,0,[0],-0.0,False
34:51:100,34,turn_on_with_delay,0.0,0.0,0.0,0,0,[0],-0.0,False
34:52:54,34,turn_on_with_delay,0.8813,1.2443,0.6588,0,3,"[0, 1, 2, 3]",1.4277,True
34:52:102,34,turn_on_with_delay,0.9853,1.4063,0.5202,0,2,"[0, 1, 2]",1.0806,True
34:55:57,34,turn_on_with_delay,0.0,0.0,0.0,0,0,[0],-0.0,False
34:55:100,34,turn_on_with_delay,0.0,0.0,0.0,0,0,[0],-0.0,False
34:57:59,34,turn_on_with_delay,0.749,0.9027,0.6292,0,3,"[0, 1, 2, 3]",1.364,True
34:57:102,34,turn_on_with_delay,0.3417,0.3417,0.4743,0,1,"[0, 1]",0.9264,True
34:69:71,34,turn_on_with_delay,0.0,0.0,0.0,0,0,[0],-0.0,False
34:69:86,34,turn_on_with_delay,0.0,0.0,0.0,0,0,[0],-0.0,False
34:71:73,34,turn_on_with_delay,0.3803,0.406,0.5408,0,2,"[0, 1, 2]",1.0939,True
34:71:88,34,turn_on_with_delay,0.4933,0.4967,0.5066,0,2,"[0, 1, 2]",1.0287,True
34:105:107,34,turn_on_with_delay,0.0,0.0,0.0,0,0,[0],-0.0,False
34:105:119,34,turn_on_with_delay,0.0,0.0,0.0,0,0,[0],-0.0,False
34:110:112,34,turn_on_with_delay,0.0,0.0,0.0,0,0,[0],-0.0,False
34:112:114,34,turn_on_with_delay,0.3417,0.3417,0.4743,0,1,"[0, 1]",0.9264,True
34:112:129,34,turn_on_with_delay,0.9853,1.4063,0.5202,0,2,"[0, 1, 2]",1.0806,True
34:116:118,34,turn_on_with_delay,0.3417,0.3417,0.4743,0,1,"[0, 1]",0.9264,True
35:8:10,35,turn_off_with_delay,1.0,1.0,0.0,1,1,[1],-0.0,False
35:19:21,35,turn_off_with_delay,0.0,0.0,0.0,0,0,[0],-0.0,False
35:20:22,35,turn_off_with_delay,0.4257,0.4257,0.4944,0,1,"[0, 1]",0.984,True
35:20:46,35,turn_off_with_delay,0.5743,0.5743,0.4944,0,1,"[0, 1]",0.984,True
35:24:26,35,turn_off_with_delay,0.0023,0.0023,0.0482,0,1,"[0, 1]",0.0238,True
35:24:46,35,turn_off_with_delay,0.4233,0.4233,0.4941,0,1,"[0, 1]",0.983,True
35:27:29,35,turn_off_with_delay,0.0,0.0,0.0,0,0,[0],-0.0,False
35:51:53,35,turn_off_with_delay,0.5743,0.5743,0.4944,0,1,"[0, 1]",0.984,True
35:51:100,35,turn_off_with_delay,0.4233,0.4233,0.4941,0,1,"[0, 1]",0.983,True
35:55:57,35,turn_off_with_delay,0.5697,0.5697,0.4951,0,1,"[0, 1]",0.986,True
35:55:100,35,turn_off_with_delay,0.0047,0.0047,0.0682,0,1,"[0, 1]",0.0429,True
35:69:71,35,turn_off_with_delay,0.1487,0.1487,0.3558,0,1,"[0, 1]",0.6065,True
35:69:86,35,turn_off_with_delay,0.421,0.421,0.4937,0,1,"[0, 1]",0.9819,True
35:105:107,35,turn_off_with_delay,0.0047,0.0047,0.0682,0,1,"[0, 1]",0.0429,True
35:105:119,35,turn_off_with_delay,0.4233,0.4233,0.4941,0,1,"[0, 1]",0.983,True
35:110:112,35,turn_off_with_delay,0.0047,0.0047,0.0682,0,1,"[0, 1]",0.0429,True
36:19:21,36,pou_general_axis,1.0,1.0,0.0,1,1,[1],-0.0,False
36:27:29,36,pou_general_axis,1.0,1.0,0.0,1,1,[1],-0.0,False
36:43:45,36,pou_general_axis,0.0,0.0,0.0,0,0,[0],-0.0,False
36:43:67,36,pou_general_axis,0.0,0.0,0.0,0,0,[0],-0.0,False
36:55:57,36,pou_general_axis,0.0,0.0,0.0,0,0,[0],-0.0,False
36:55:67,36,pou_general_axis,0.0,0.0,0.0,0,0,[0],-0.0,False
37:43:45,37,pou_general_machine,0.5013,0.5013,0.5,0,1,"[0, 1]",1.0,True
37:43:67,37,pou_general_machine,0.4987,0.4987,0.5,0,1,"[0, 1]",1.0,True
37:55:57,37,pou_general_machine,0.2503,0.2503,0.4332,0,1,"[0, 1]",0.8118,True
37:55:67,37,pou_general_machine,0.251,0.251,0.4336,0,1,"[0, 1]",0.8129,True
37:78:125,37,pou_general_machine,0.0,0.0,0.0,0,0,[0],-0.0,False
38:78:125,38,pou_general_drive,1.0,1.0,0.0,1,1,[1],-0.0,False
38:456:458,38,pou_general_drive,0.0,0.0,0.0,0,0,[0],-0.0,False
38:456:476,38,pou_general_drive,0.0,0.0,0.0,0,0,[0],-0.0,False
38:495:497,38,pou_general_drive,0.0,0.0,0.0,0,0,[0],-0.0,False
38:495:542,38,pou_general_drive,0.0,0.0,0.0,0,0,[0],-0.0,False
38:511:513,38,pou_general_drive,0.0,0.0,0.0,0,0,[0],-0.0,False
38:511:542,38,pou_general_drive,0.0,0.0,0.0,0,0,[0],-0.0,False
38:526:542,38,pou_general_drive,0.0,0.0,0.0,0,0,[0],-0.0,False
39:44:46,39,pou_standup_rel,0.0,0.0,0.0,0,0,[0],-0.0,False
39:44:85,39,pou_standup_rel,0.0,0.0,0.0,0,0,[0],-0.0,False
39:83:185,39,pou_standup_rel,0.0,0.0,0.0,0,0,[0],-0.0,False
39:281:283,39,pou_standup_rel,0.0,0.0,0.0,0,0,[0],-0.0,False
39:281:316,39,pou_standup_rel,0.0,0.0,0.0,0,0,[0],-0.0,False
39:299:301,39,pou_standup_rel,0.0,0.0,0.0,0,0,[0],-0.0,False
39:299:316,39,pou_standup_rel,0.0,0.0,0.0,0,0,[0],-0.0,False
39:314:340,39,pou_standup_rel,0.0,0.0,0.0,0,0,[0],-0.0,False
39:456:476,39,pou_standup_rel,0.1623,0.1623,0.3688,0,1,"[0, 1]",0.6399,True
39:495:497,39,pou_standup_rel,0.1623,0.1623,0.3688,0,1,"[0, 1]",0.6399,True
39:511:513,39,pou_standup_rel,0.0,0.0,0.0,0,0,[0],-0.0,False
39:511:542,39,pou_standup_rel,0.1623,0.1623,0.3688,0,1,"[0, 1]",0.6399,True
39:526:528,39,pou_standup_rel,0.0,0.0,0.0,0,0,[0],-0.0,False
40:44:46,40,pou_lqr_sim,0.009,0.009,0.0944,0,1,"[0, 1]",0.0741,True
40:44:85,40,pou_lqr_sim,0.7493,0.7493,0.4334,0,1,"[0, 1]",0.8123,True
40:83:185,40,pou_lqr_sim,0.009,0.009,0.0944,0,1,"[0, 1]",0.0741,True
40:281:283,40,pou_lqr_sim,0.009,0.009,0.0944,0,1,"[0, 1]",0.0741,True
40:281:316,40,pou_lqr_sim,0.7493,0.7493,0.4334,0,1,"[0, 1]",0.8123,True
40:299:301,40,pou_lqr_sim,0.009,0.009,0.0944,0,1,"[0, 1]",0.0741,True
40:314:340,40,pou_lqr_sim,0.009,0.009,0.0944,0,1,"[0, 1]",0.0741,True
42:75:77,42,pou_drive_control_word,1.0,1.0,0.0,1,1,[1],-0.0,False
42:84:86,42,pou_drive_control_word,0.0,0.0,0.0,0,0,[0],-0.0,False
42:84:117,42,pou_drive_control_word,1.0,1.0,0.0,1,1,[1],-0.0,False
42:88:90,42,pou_drive_control_word,0.0,0.0,0.0,0,0,[0],-0.0,False
42:93:95,42,pou_drive_control_word,0.0,0.0,0.0,0,0,[0],-0.0,False
42:115:140,42,pou_drive_control_word,0.0,0.0,0.0,0,0,[0],-0.0,False
42:121:140,42,pou_drive_control_word,1.0,1.0,0.0,1,1,[1],-0.0,False
42:153:155,42,pou_drive_control_word,1.0,1.0,0.0,1,1,[1],-0.0,False
42:164:176,42,pou_drive_control_word,1.0,1.0,0.0,1,1,[1],-0.0,False
63:8:10,63,fmin,0.9207,1.679,0.6137,0,2,"[0, 1, 2]",1.0185,True
63:17:22,63,fmin,0.9207,1.679,0.6137,0,2,"[0, 1, 2]",1.0185,True
64:8:10,64,fmax,0.9207,1.679,0.6137,0,2,"[0, 1, 2]",1.0185,True
64:17:22,64,fmax,0.9207,1.679,0.6137,0,2,"[0, 1, 2]",1.0185,True
71:53:55,71,__rem_pio2_large,0.0,0.0,0.0,0,0,[0],-0.0,False
71:67:69,71,__rem_pio2_large,0.0,0.0,0.0,0,0,[0],-0.0,False
71:67:641,71,__rem_pio2_large,0.0,0.0,0.0,0,0,[0],-0.0,False
71:80:82,71,__rem_pio2_large,0.0,0.0,0.0,0,0,[0],-0.0,False
71:80:206,71,__rem_pio2_large,0.0,0.0,0.0,0,0,[0],-0.0,False
71:89:91,71,__rem_pio2_large,0.0,0.0,0.0,0,0,[0],-0.0,False
71:89:148,71,__rem_pio2_large,0.0,0.0,0.0,0,0,[0],-0.0,False
71:146:1255,71,__rem_pio2_large,0.0,0.0,0.0,0,0,[0],-0.0,False
71:204:1255,71,__rem_pio2_large,0.0,0.0,0.0,0,0,[0],-0.0,False
71:214:216,71,__rem_pio2_large,0.0,0.0,0.0,0,0,[0],-0.0,False
71:214:273,71,__rem_pio2_large,0.0,0.0,0.0,0,0,[0],-0.0,False
71:271:1255,71,__rem_pio2_large,0.0,0.0,0.0,0,0,[0],-0.0,False
71:329:1255,71,__rem_pio2_large,0.0,0.0,0.0,0,0,[0],-0.0,False
71:755:757,71,__rem_pio2_large,0.0,0.0,0.0,0,0,[0],-0.0,False
71:762:773,71,__rem_pio2_large,0.0,0.0,0.0,0,0,[0],-0.0,False
71:778:780,71,__rem_pio2_large,0.0,0.0,0.0,0,0,[0],-0.0,False
71:849:851,71,__rem_pio2_large,0.0,0.0,0.0,0,0,[0],-0.0,False
71:855:908,71,__rem_pio2_large,0.0,0.0,0.0,0,0,[0],-0.0,False
71:922:1255,71,__rem_pio2_large,0.0,0.0,0.0,0,0,[0],-0.0,False
72:53:55,72,__rem_pio2,0.142,0.142,0.3491,0,1,"[0, 1]",0.5895,True
72:67:69,72,__rem_pio2,0.142,0.142,0.3491,0,1,"[0, 1]",0.5895,True
72:67:641,72,__rem_pio2,0.0,0.0,0.0,0,0,[0],-0.0,False
72:80:82,72,__rem_pio2,0.0913,0.0913,0.2881,0,1,"[0, 1]",0.4409,True
72:80:206,72,__rem_pio2,0.0507,0.0507,0.2193,0,1,"[0, 1]",0.2892,True
72:86:110,72,__rem_pio2,0.0,0.0,0.0,0,0,[0],-0.0,False
72:89:91,72,__rem_pio2,0.0467,0.0467,0.2109,0,1,"[0, 1]",0.2721,True
72:89:148,72,__rem_pio2,0.0447,0.0447,0.2066,0,1,"[0, 1]",0.2633,True
72:146:1255,72,__rem_pio2,0.0467,0.0467,0.2109,0,1,"[0, 1]",0.2721,True
72:204:1255,72,__rem_pio2,0.0447,0.0447,0.2066,0,1,"[0, 1]",0.2633,True
72:214:216,72,__rem_pio2,0.0253,0.0253,0.1571,0,1,"[0, 1]",0.1704,True
72:214:273,72,__rem_pio2,0.0253,0.0253,0.1571,0,1,"[0, 1]",0.1704,True
72:271:1255,72,__rem_pio2,0.0253,0.0253,0.1571,0,1,"[0, 1]",0.1704,True
72:329:1255,72,__rem_pio2,0.0253,0.0253,0.1571,0,1,"[0, 1]",0.1704,True
72:755:757,72,__rem_pio2,0.0,0.0,0.0,0,0,[0],-0.0,False
72:762:773,72,__rem_pio2,0.0,0.0,0.0,0,0,[0],-0.0,False
72:778:780,72,__rem_pio2,0.0,0.0,0.0,0,0,[0],-0.0,False
72:849:851,72,__rem_pio2,0.0,0.0,0.0,0,0,[0],-0.0,False
72:855:908,72,__rem_pio2,0.0,0.0,0.0,0,0,[0],-0.0,False
72:922:1255,72,__rem_pio2,0.0,0.0,0.0,0,0,[0],-0.0,False
73:45:47,73,__sin,0.0,0.0,0.0,0,0,[0],-0.0,False
73:45:90,73,__sin,0.0,0.0,0.0,0,0,[0],-0.0,False
73:67:69,73,__sin,0.0,0.0,0.0,0,0,[0],-0.0,False
73:86:110,73,__sin,0.0913,0.0913,0.2881,0,1,"[0, 1]",0.4409,True
73:88:229,73,__sin,0.0,0.0,0.0,0,0,[0],-0.0,False
73:102:113,73,__sin,0.0,0.0,0.0,0,0,[0],-0.0,False
73:135:162,73,__sin,0.0,0.0,0.0,0,0,[0],-0.0,False
73:135:186,73,__sin,0.0,0.0,0.0,0,0,[0],-0.0,False
73:135:208,73,__sin,0.0,0.0,0.0,0,0,[0],-0.0,False
73:184:229,73,__sin,0.0,0.0,0.0,0,0,[0],-0.0,False
73:206:229,73,__sin,0.0,0.0,0.0,0,0,[0],-0.0,False
74:45:47,74,cos,0.0203,0.0203,0.1411,0,1,"[0, 1]",0.1433,True
74:45:90,74,cos,0.142,0.142,0.3491,0,1,"[0, 1]",0.5895,True
74:67:69,74,cos,0.0203,0.0203,0.1411,0,1,"[0, 1]",0.1433,True
74:88:229,74,cos,0.0203,0.0203,0.1411,0,1,"[0, 1]",0.1433,True
74:102:113,74,cos,0.142,0.142,0.3491,0,1,"[0, 1]",0.5895,True
74:135:162,74,cos,0.0467,0.0467,0.2109,0,1,"[0, 1]",0.2721,True
74:135:186,74,cos,0.0507,0.0507,0.2193,0,1,"[0, 1]",0.2892,True
74:135:208,74,cos,0.0447,0.0447,0.2066,0,1,"[0, 1]",0.2633,True
74:184:229,74,cos,0.0467,0.0467,0.2109,0,1,"[0, 1]",0.2721,True
74:206:229,74,cos,0.0507,0.0507,0.2193,0,1,"[0, 1]",0.2892,True
77:29:31,77,log,0.0663,0.074,0.2896,0,2,"[0, 1, 2]",0.3864,True
77:29:252,77,log,0.1547,0.2507,0.6163,0,2,"[0, 1, 2]",0.7695,True
77:275:388,77,log,0.1547,0.2507,0.6163,0,2,"[0, 1, 2]",0.7695,True
