branch_id,function_name,category,r2_total,r2_between,r2_within_formula,r2_within_balance,r2_fwl,r2_swingup,r2_reset
35:69:71,turn_off_with_delay:69→71,timer,0.7962576989851196,0.02706605955833785,0.7905897897627131,0.8209012212600427,0.7472601259660763,0.24945818683382837,0.2141077690241321
92:51:53,__fwritex:51→53,logging/IO,0.6433903477252235,0.48503675485606534,0.30750465079288836,-0.0004983149377963958,0.2915009411557543,0.3780466039290683,0.6345916591845497
22:2283:2738,tick:2283→2738,tick/main,0.7877136374126876,0.018662029106074063,0.7836766038983132,0.7466751911419904,0.7184632198627716,1.0,1.0
37:55:57,pou_general_machine:55→57,tick/main,0.8469579349805999,0.00017853209032914208,0.8469306071819347,0.8279565889032496,0.7798253922822456,0.031228926931512357,0.02010373889675343
37:55:67,pou_general_machine:55→67,tick/main,0.8253116966836522,0.0006403114914971253,0.825199770087723,0.7903948943595431,0.7316844857841001,0.024021123194556515,0.0408365961159306
22:2368:2738,tick:2368→2738,tick/main,0.7050121085055445,0.028302884504633363,0.6964199164632983,0.6429451059634247,0.605849383076092,1.0,1.0
35:105:119,turn_off_with_delay:105→119,timer,0.9476996374808271,0.005869522575646435,0.9473908468688381,0.9918965102570518,0.9429761241094315,0.216660140936776,0.16375769283019703
35:24:46,turn_off_with_delay:24→46,timer,0.9476996374808271,0.005869522575646435,0.9473908468688381,0.9918965102570518,0.9429761241094315,0.216660140936776,0.16375769283019703
35:51:100,turn_off_with_delay:51→100,timer,0.9476996374808271,0.005869522575646435,0.9473908468688381,0.9918965102570518,0.9429761241094315,0.216660140936776,0.16375769283019703
35:20:22,turn_off_with_delay:20→22,timer,0.9470523598197105,0.006633388258572848,0.9466987922138138,0.9910082865619624,0.942000956141942,0.21410571045662152,0.16232079548021583
34:71:88,turn_on_with_delay:71→88,timer,0.8613597662528851,0.05079805049074082,0.8539402138619792,0.863260954914575,0.817617429430195,0.3322068525196836,0.33331487924655256
22:2488:2735,tick:2488→2735,tick/main,0.6483825965243487,0.039016062343540936,0.6341068880577372,0.573769338563282,0.5313104602560559,1.0,1.0
22:2368:2370,tick:2368→2370,tick/main,0.649109825299711,0.039061705154095905,0.6348462990991969,0.5744535338142256,0.5319255835501548,1.0,1.0
22:2736:2762,tick:2736→2762,tick/main,0.649109825299711,0.039061705154095905,0.6348462990991969,0.5744535338142256,0.5319255835501548,1.0,1.0
102:336:351,printf_core:336→351,logging/IO,-0.0018858218961919082,3.805058177430709e-07,-0.001886203119720875,-0.0004983149377963958,-0.0004182250806947785,0.002568462473448996,-0.00866666437122876
102:6767:6782,printf_core:6767→6782,logging/IO,-0.0018858218961919082,3.805058177430709e-07,-0.001886203119720875,-0.0004983149377963958,-0.0004182250806947785,0.002568462473448996,-0.00866666437122876
102:7054:7069,printf_core:7054→7069,logging/IO,-0.0018858218961919082,3.805058177430709e-07,-0.001886203119720875,-0.0004983149377963958,-0.0004182250806947785,0.002568462473448996,-0.00866666437122876
92:64:84,__fwritex:64→84,logging/IO,-0.00205774490472721,5.201333541648978e-08,-0.0020577970250954536,-0.0004983149377963958,-0.0005943633274718696,-0.004335781673424632,-0.00866666437122876
83:86:96,writev:86→96,logging/IO,-0.00205774490472721,5.201333541648978e-08,-0.0020577970250954536,-0.0004983149377963958,-0.0005943633274718696,-0.004335781673424632,-0.00866666437122876
84:145:298,__stdio_write:145→298,logging/IO,-0.00205774490472721,5.201333541648978e-08,-0.0020577970250954536,-0.0004983149377963958,-0.0005943633274718696,-0.004335781673424632,-0.00866666437122876
84:92:94,__stdio_write:92→94,logging/IO,-0.00205774490472721,5.201333541648978e-08,-0.0020577970250954536,-0.0004983149377963958,-0.0005943633274718696,-0.004335781673424632,-0.00866666437122876
83:31:46,writev:31→46,logging/IO,-0.00205774490472721,5.201333541648978e-08,-0.0020577970250954536,-0.0004983149377963958,-0.0005943633274718696,-0.004335781673424632,-0.00866666437122876
83:69:71,writev:69→71,logging/IO,-0.00205774490472721,5.201333541648978e-08,-0.0020577970250954536,-0.0004983149377963958,-0.0005943633274718696,-0.004335781673424632,-0.00866666437122876
84:107:109,__stdio_write:107→109,logging/IO,-0.00205774490472721,5.201333541648978e-08,-0.0020577970250954536,-0.0004983149377963958,-0.0005943633274718696,-0.004335781673424632,-0.00866666437122876
101:224:226,vfprintf:224→226,logging/IO,-0.0018288337491210171,4.482110749215451e-08,-0.0018288786522009381,-0.0006630095728861196,-0.0005915770566413681,-0.003399611092863797,-0.00235849024924506
37:43:67,pou_general_machine:43→67,tick/main,0.7696737629970062,0.00131547679834354,0.7693703750764085,0.7308848878990986,0.667254340823249,0.02411838821221257,0.07789699887779089
35:69:86,turn_off_with_delay:69→86,timer,0.9228228408355326,0.03845283219523077,0.919736481216346,0.9186550589812319,0.8977595824229624,0.29716084008157995,0.3909610970920461
34:71:73,turn_on_with_delay:71→73,timer,0.8775185937683532,0.03502144929296935,0.8730734417444762,0.8775233044074493,0.8379246382849685,0.46908146506558257,0.31899897563551305
108:456:458,memcpy:456→458,memcpy,0.9377017705878077,0.026449914926322537,0.9360092198980419,0.9721292500641752,0.9292280246384743,0.22191191387451414,0.3604015027793719
37:43:45,pou_general_machine:43→45,tick/main,0.7697115500253744,0.0013231625182134055,0.7694064372662237,0.7308844738282136,0.6672522362615461,0.027571277718242637,0.07789699887779089
35:55:57,turn_off_with_delay:55→57,timer,0.9474567446622804,0.007480831105998731,0.9470607148109085,0.9908285533435622,0.9423276433222569,0.21331691357587523,0.16519595950650512
35:20:46,turn_off_with_delay:20→46,timer,0.9470233399826486,0.006652203718343075,0.9466685684352893,0.9910063394832546,0.9419474685672018,0.2134023725479044,0.16232079548021605
35:51:53,turn_off_with_delay:51→53,timer,0.9470233399826486,0.006652203718343075,0.9466685684352893,0.9910063394832546,0.9419474685672018,0.2134023725479044,0.16232079548021605
22:2283:2285,tick:2283→2285,tick/main,0.8107307152126708,0.1443970632004079,0.7787884114852428,0.7433941610005566,0.7147624365011671,1.0,1.0
34:57:59,turn_on_with_delay:57→59,timer,0.9112138781417438,0.0016159247451282832,0.9110701742357113,0.9101513289401311,0.8870116510759514,0.5911318125480403,0.43878606203817705
108:421:423,memcpy:421→423,memcpy,0.9410857876715409,0.02651453435327722,0.9394811587769109,0.9757527583617324,0.9326732193038781,0.22266112257544923,0.36079650374105443
34:24:26,turn_on_with_delay:24→26,timer,0.8441024360635873,0.08866156511929502,0.828935598489468,0.8110118992678994,0.782201077337325,0.47983152237238735,0.6128210003318136
34:57:102,turn_on_with_delay:57→102,timer,0.9020867416128165,0.09016577920419588,0.892383407714054,0.8729615325523695,0.8421499087483916,0.5150112980563797,0.634281112219024
34:112:114,turn_on_with_delay:112→114,timer,0.9020867416128165,0.09016577920419588,0.892383407714054,0.8729615325523695,0.8421499087483916,0.5150112980563797,0.634281112219024
34:116:118,turn_on_with_delay:116→118,timer,0.9020867416128165,0.09016577920419588,0.892383407714054,0.8729615325523695,0.8421499087483916,0.5150112980563797,0.634281112219024
108:109:111,memcpy:109→111,memcpy,0.9751988959608701,0.005158194685763395,0.9750703037340734,0.9937795511252557,0.9695967406711453,0.26920534175696087,0.4337459678928779
108:146:213,memcpy:146→213,memcpy,0.9751988959608701,0.005158194685763395,0.9750703037340734,0.9937795511252557,0.9695967406711453,0.26920534175696087,0.4337459678928779
108:104:106,memcpy:104→106,memcpy,0.9751977543155036,0.005161255186987845,0.9750690794726152,0.9937795511252557,0.9695933367098815,0.26851443874381853,0.4337459678928779
34:52:54,turn_on_with_delay:52→54,timer,0.9123654370695147,0.017554134831123336,0.9107996012427397,0.912646480597282,0.8905213169557253,0.6071740804760433,0.44618165759685746
34:19:46,turn_on_with_delay:19→46,timer,0.9123654370695147,0.017554134831123336,0.9107996012427397,0.912646480597282,0.8905213169557253,0.6071740804760433,0.44618165759685746
34:112:129,turn_on_with_delay:112→129,timer,0.9207919605172238,0.05061993706283252,0.9165686719418518,0.9184174762856636,0.8963494535976533,0.624306461179301,0.484447490804906
34:52:102,turn_on_with_delay:52→102,timer,0.9207919605172238,0.05061993706283252,0.9165686719418518,0.9184174762856636,0.8963494535976533,0.624306461179301,0.484447490804906
34:24:46,turn_on_with_delay:24→46,timer,0.9207919605172238,0.05061993706283252,0.9165686719418518,0.9184174762856636,0.8963494535976533,0.624306461179301,0.484447490804906
34:19:21,turn_on_with_delay:19→21,timer,0.9124089498151456,0.017640937058747252,0.9108360135421355,0.9126412800249725,0.8904780911710852,0.6074657060860557,0.44618165759685746
108:386:388,memcpy:386→388,memcpy,0.937618840335215,0.02640171348392384,0.93592720886146,0.9720769696435587,0.9291469053560455,0.2239118887183713,0.3604015027793719
22:2093:2175,tick:2093→2175,tick/main,0.8950444700489778,0.8912943463734455,0.03449796354121015,0.21573530650985073,0.21892878770826651,1.0,1.0
40:281:316,pou_lqr_sim:281→316,LQR,0.9335983253498308,0.9611630531804541,-0.7097552739843747,0.20168956653448566,0.19880701845318993,1.0,1.0
40:44:85,pou_lqr_sim:44→85,LQR,0.9335983253498308,0.9611630531804541,-0.7097552739843747,0.20168956653448566,0.19880701845318993,1.0,1.0
22:1676:1806,tick:1676→1806,tick/main,0.9527195961613726,0.9991575151732885,0.0,-0.00583885956677288,0.006727087117496033,0.026089588494532134,-0.009870374225867229
22:1889:1930,tick:1889→1930,tick/main,0.9526834309887785,0.9990579153835718,0.0,-0.006898922073636848,0.010479716613032375,0.027090516250878327,-0.009870374225867229
108:489:491,memcpy:489→491,memcpy,0.9399926707974953,0.028549470901365837,0.9382291455868752,0.9756772811147619,0.9313316801762836,0.19966489390791187,0.2843398321412548
33:69:71,pou_main:69→71,tick/main,0.929950170367235,0.9990901657257666,0.0,-0.00569218018083939,-0.00033260590321471106,0.026089588494532134,-0.012317457997953252
33:118:259,pou_main:118→259,tick/main,0.929950170367235,0.9990901657257666,0.0,-0.00569218018083939,-0.00033260590321471106,0.026089588494532134,-0.012317457997953252
108:772:878,memcpy:772→878,memcpy,0.9211513852006277,0.026107135892770028,0.9190376912026632,0.9546737801763643,0.912407959839802,0.21774717526662868,0.35056910505479033
108:947:949,memcpy:947→949,memcpy,0.9211438207313063,0.026093640199536527,0.919031045977716,0.9546737801763643,0.9124049429697916,0.2176656781605194,0.35056910505479033
108:242:378,memcpy:242→378,memcpy,0.9785510108414566,0.011648890070986795,0.9782982090645055,0.9882988875229101,0.9721267070621452,0.3589542903158547,0.32738066788024
108:236:238,memcpy:236→238,memcpy,0.9785510108414566,0.011648890070986795,0.9782982090645055,0.9882988875229101,0.9721267070621452,0.3589542903158547,0.32738066788024
64:17:22,fmax:17→22,math,0.8606630877479835,0.9983216183945598,-82.01861257319447,-0.00663075479101205,0.015055392749016128,0.16266033711983574,-0.01248926508199455
63:8:10,fmin:8→10,math,0.8606630877479835,0.9983216183945598,-82.01861257319447,-0.00663075479101205,0.015055392749016128,0.16266033711983574,-0.01248926508199455
63:17:22,fmin:17→22,math,0.8606630877479835,0.9983216183945598,-82.01861257319447,-0.00663075479101205,0.015055392749016128,0.16266033711983574,-0.01248926508199455
64:8:10,fmax:8→10,math,0.8606630877479835,0.9983216183945598,-82.01861257319447,-0.00663075479101205,0.015055392749016128,0.16266033711983574,-0.01248926508199455
108:225:227,memcpy:225→227,memcpy,0.9781308678056668,0.011636696943667313,0.9778733871171593,0.9879259320912377,0.9717272127750303,0.36063159583062165,0.3268199688010155
108:489:992,memcpy:489→992,memcpy,0.9769076604322435,0.005504824243357742,0.9767798375188828,0.9831234114571408,0.97019518254122,0.6394576905490338,0.6057359685433453
108:386:412,memcpy:386→412,memcpy,0.9813270267041958,0.0059213355704020865,0.9812157991475264,0.9874849895432998,0.9744661472488007,0.6696692735986853,0.624974998161568
108:421:447,memcpy:421→447,memcpy,0.9767470436401291,0.005892561621807291,0.9766092119803407,0.9830218697315366,0.9699013413399848,0.6595658722234108,0.6209880056410335
108:456:482,memcpy:456→482,memcpy,0.9811868635769636,0.005915200038219992,0.9810749179307845,0.9873796621556682,0.9743468425737456,0.6704488628019262,0.624974998161568
22:1209:1636,tick:1209→1636,tick/main,0.6087350968378025,0.9968563208209674,-123.46082468332656,-0.006906400522441736,0.05497084424208798,0.7179296543159384,-0.012426965073721208
108:980:982,memcpy:980→982,memcpy,0.8988250432384617,0.024035328321379446,0.8963333820398218,0.9356682477388166,0.8895108715381397,0.28875151912193997,0.43379292012716186
108:912:914,memcpy:912→914,memcpy,0.9326927529247115,0.018454127483353955,0.9314273036442858,0.9616374461510906,0.9258764556196183,0.18123845735706656,0.21782024008906975
108:104:213,memcpy:104→213,memcpy,0.9368589574584508,0.0803413477720819,0.9313429581849886,0.9546973834143716,0.9133615558888039,0.47657112164768434,0.558398701198451
102:2404:2450,printf_core:2404→2450,logging/IO,0.5816670729054672,0.006049520994111157,0.5791209562945898,0.5258587645471429,0.5227765488225589,0.6679943624448474,0.5823316080577048
108:67:69,memcpy:67→69,memcpy,0.9601532782815339,0.12988611092658364,0.9542051653020975,0.9483952022858959,0.933396219544852,0.7795002992647861,0.7569727940678526
108:62:64,memcpy:62→64,memcpy,0.9347759684360031,0.12637141669764063,0.9253412344666576,0.9203958183985619,0.9052980441035985,0.7373226498178642,0.7383345054501486
102:2447:2406,printf_core:2447→2406,logging/IO,0.9366347431186578,0.14979254283369414,0.9254708290932485,0.9535542279064387,0.9071945122265369,0.6251058977569761,0.6699438460417007
101:224:241,vfprintf:224→241,logging/IO,-0.0012062251306192984,1.1646892847938517e-06,-0.0012073912261396647,-0.0007345426870601912,0.0001800332814155814,0.032268742694314345,-0.00235849024924506
108:67:213,memcpy:67→213,memcpy,-0.0013807547584507862,1.1239786725791845e-06,-0.0013818802903273752,-0.0005553599362788653,0.00018131794831133252,0.03138050158435013,-0.008666664371228983
108:689:691,memcpy:689→691,memcpy,0.9440034512938624,0.010667874338954886,0.9433996458280154,0.9566380652112128,0.9376105757305804,0.3142708640268178,0.251386994839059
108:699:766,memcpy:699→766,memcpy,0.9440034512938624,0.010667874338954886,0.9433996458280154,0.9566380652112128,0.9376105757305804,0.3142708640268178,0.251386994839059
108:62:213,memcpy:62→213,memcpy,0.9204857868590315,0.27847236045197643,0.8897974120703436,0.8728107712416757,0.8472175073307195,0.7936128607603828,0.7576649680335641
108:303:378,memcpy:303→378,memcpy,-0.0009464205594016395,1.2892439800182842e-06,-0.0009477110252122944,-0.0005839944278553943,5.233600777221348e-05,0.03345596275407259,-0.008388487954311463
108:257:259,memcpy:257→259,memcpy,-0.0009464205594016395,1.2892439800182842e-06,-0.0009477110252122944,-0.0005839944278553943,5.233600777221348e-05,0.03345596275407259,-0.008388487954311463
108:236:244,memcpy:236→244,memcpy,-0.0009464205594016395,1.2892439800182842e-06,-0.0009477110252122944,-0.0005839944278553943,5.233600777221348e-05,0.03345596275407259,-0.008388487954311463
108:225:504,memcpy:225→504,memcpy,0.9499201012594601,0.010760355145093325,0.9493753621773973,0.9628543471078581,0.9434923394789945,0.3403601273500718,0.2554118344676718
108:520:679,memcpy:520→679,memcpy,0.9499201012594601,0.010760355145093325,0.9493753621773973,0.9628543471078581,0.9434923394789945,0.3403601273500718,0.2554118344676718
108:980:992,memcpy:980→992,memcpy,0.9598609865199681,0.0055712597657373575,0.9596361087969197,0.9687220414869828,0.9523768869884055,0.6201326695724564,0.5945670592757101
102:2492:2494,printf_core:2492→2494,logging/IO,0.5793732885646733,0.005959774165730236,0.5768514185808662,0.5235406293417277,0.5211971588725521,0.6692055116126275,0.5823316080577047
102:7024:7026,printf_core:7024→7026,logging/IO,0.5793732885646733,0.005959774165730236,0.5768514185808662,0.5235406293417277,0.5211971588725521,0.6692055116126275,0.5823316080577047
102:2500:2512,printf_core:2500→2512,logging/IO,0.5793732885646733,0.005959774165730236,0.5768514185808662,0.5235406293417277,0.5211971588725521,0.6692055116126275,0.5823316080577047
102:6965:7015,printf_core:6965→7015,logging/IO,0.5793732885646733,0.005959774165730236,0.5768514185808662,0.5235406293417277,0.5211971588725521,0.6692055116126275,0.5823316080577047
109:57:384,memset:57→384,memset,0.5793732885646733,0.005959774165730236,0.5768514185808662,0.5235406293417277,0.5211971588725521,0.6692055116126275,0.5823316080577047
109:8:22,memset:8→22,memset,0.5793732885646733,0.005959774165730236,0.5768514185808662,0.5235406293417277,0.5211971588725521,0.6692055116126275,0.5823316080577047
109:28:30,memset:28→30,memset,0.5793732885646733,0.005959774165730236,0.5768514185808662,0.5235406293417277,0.5211971588725521,0.6692055116126275,0.5823316080577047
102:6925:6927,printf_core:6925→6927,logging/IO,0.5793732885646733,0.005959774165730236,0.5768514185808662,0.5235406293417277,0.5211971588725521,0.6692055116126275,0.5823316080577047
108:947:973,memcpy:947→973,memcpy,0.9555172621889007,0.005150612644990504,0.955286962653347,0.9655022478935557,0.9487181117942798,0.5857710177781008,0.5520617186295014
108:772:774,memcpy:772→774,memcpy,0.9555127875869817,0.005149221769688572,0.9552825274036029,0.9655022478935557,0.9487166479977365,0.5842804761431466,0.5520617186295014
